user_id,total_orders
1829,27132
4012,23016
4660,20792
7837,20412
7275,19991
11073,19074
5363,18379
6900,18274
10227,18094
8201,17641
564,17370
2247,16855
10737,16627
7656,16212
7142,15948
2867,15790
230,15376
12524,15332
184,14950
8839,14885
12590,14774
10392,14659
561,14644
7658,13724
7976,13686
13133,13466
8735,13426
6486,13419
4014,13323
9173,13255
565,13154
7208,12809
12146,12372
7041,12227
9481,11892
8845,11825
4661,11728
12623,11685
7310,11640
13538,11475
8840,11417
10596,11346
9062,11204
3338,11128
7309,10959
3438,10729
6529,10658
6531,10563
8634,10560
14760,10446
9308,10445
555,10227
13367,10142
11343,10129
1594,10056
7980,10044
7075,10037
6936,9883
9095,9879
7315,9842
10189,9830
8963,9675
2654,9638
11342,9550
11609,9521
5875,9463
560,9447
10326,9230
185,9212
10734,9026
3944,9021
567,8952
10396,8946
6451,8933
7984,8883
9208,8873
9309,8843
6599,8834
7992,8809
2035,8631
1015,8612
10192,8553
9172,8402
8842,8396
8847,8326
10729,8319
562,8312
5466,8066
1896,8054
10730,7900
14294,7864
4422,7797
11475,7669
10393,7596
7312,7438
1209,7366
8702,7276
9136,7274
12182,7260
7983,7259
9169,7258
7487,7232
12998,7080
14295,7022
6732,7005
7076,6931
9482,6898
9483,6706
5565,6679
16050,6619
14462,6520
267,6497
16287,6470
8846,6442
9135,6399
11040,6232
8843,6220
10770,6199
7483,6112
13645,5944
10695,5944
403,5922
12997,5749
10696,5743
10188,5604
14261,5601
5499,5578
9783,5577
6383,5577
13505,5550
4694,5446
10733,5399
14500,5387
7486,5278
10193,5098
11376,5051
795,4972
11206,4733
8836,4632
17469,4567
6010,4529
12491,4472
5396,4463
5566,4433
11980,4428
15951,4419
6532,4362
12999,4343
11409,4328
5061,4229
17235,4142
11981,3991
15301,3844
6527,3685
16568,3587
14533,3564
2353,3485
5603,3466
11878,3458
10902,3370
8134,3364
14638,3312
17502,3270
14864,3248
14676,3175
14678,3169
10529,3146
16804,3085
158,3071
10530,3067
14674,3052
7839,3036
132,3009
569,3007
8028,2946
14499,2911
12417,2771
125,2594
17334,2333
217,2319
4456,2228
17168,2168
9650,2088
18281,2054
9480,1987
649,1900
12416,1855
17947,1839
8133,1818
2246,1802
17641,1766
14461,1747
18046,1741
8835,1698
11207,1681
18397,1643
17640,1620
10191,1615
10495,1612
5876,1564
9099,1518
14680,1452
8853,1443
18248,1402
12656,1363
8834,1313
15786,1311
9100,1279
11039,1222
288,1208
18636,1109
16601,1105
2207,1102
11442,1010
10736,1003
7973,980
18398,916
12418,914
8841,913
13334,854
264,852
18901,835
13844,833
14673,814
18934,776
7488,774
17642,747
11877,720
9479,707
14637,693
7039,686
18935,675
206,667
14599,658
5398,655
5397,631
8849,620
19042,616
19039,608
19178,594
10731,588
18936,573
19043,568
9484,563
10154,548
14634,532
19278,517
9477,515
5129,495
9478,489
7985,470
18835,467
566,464
17301,454
760,451
15334,444
13711,441
5704,437
6484,436
18702,426
10394,422
11875,414
3339,385
5062,384
14684,378
10293,363
16803,354
19177,351
3205,329
8801,324
11876,306
7989,304
17811,302
245,288
7986,273
5604,272
18079,254
2243,246
7314,240
8370,235
7990,225
19311,213
18113,210
8099,209
2248,207
12557,204
18146,203
10662,199
8891,193
8098,191
966,188
14059,183
3035,175
7489,174
8568,161
7979,147
13987,142
1168,138
6666,135
15617,132
193,118
14061,117
11543,99
14683,99
8167,97
14328,95
6485,95
117,89
14681,85
4556,80
7975,76
7982,73
5296,73
6185,72
19212,72
17102,71
1996,71
8768,71
19211,65
8304,64
10395,63
6011,53
139,52
10051,52
10053,49
12383,43
12382,42
10735,42
14428,42
610,37
8100,35
7991,35
8030,33
9985,33
7417,32
3776,30
5362,29
12821,28
5803,27
14060,27
9174,24
14682,21
2244,20
13986,19
12755,18
14677,17
8858,13
14679,13
4557,12
11541,9
554,9
2001,7
3945,6
9952,5
14672,4
14795,4
18013,3
8669,3
14058,3
157,2
271,2
7987,2
14633,2
1,2
10970,2
10732,2
14162,2
114,2
12689,2
18868,1
5601,1
14427,1
14671,1
14127,1
3102,1
5229,1
